Câu văn thực tế,Nhãn thực tế,Nhãn dự đoán
per 2 đại cao_thủ đấu đầu :)),Other,Enjoyment
ngày_xưa nghèo . có bếp dầu là mai rồi .,Other,Enjoyment
thế_này mà gặp per thì phải chạy phọt dắm ra quần_per nhỉ,Enjoyment,Fear
đạp xe xíu_rã chân ông này đạp như tay đua xe,Enjoyment,Disgust
ăn gì khôn_thế,Surprise,Other
như đùa ở vn mà như trên sao hỏa vậy,Disgust,Surprise
phạt thế quá nhẹ ...,Anger,Disgust
phải đối_xử tốt với chính bản_thân mình :),Enjoyment,Other
ad hỏi thế_này thì có khác gì giữa thịt lợn và thịt chó ăn món nào ?_ad hỏi thế_này là hơi coi_thường chị_em đó 🤨,Anger,Disgust
ừ thì là chuyện cổ_tích . cháu đang đi đường_thẳng gặp mấy chú thì phải rẽ ngang . 😢 😢,Disgust,Sadness
per kinh_nghiệm nha,Enjoyment,Other
"hồi xưa , giờ yêu kiểu người_lớn cơ mà",Other,Enjoyment
loài_người thật đáng sợ,Disgust,Fear
per chịu_khó đọc trong này cũng được phết,Other,Enjoyment
"nó mừng kiểu nhảy_vồ lên dơ_đồ thôi , chứ dòng này gặp ai cũng mừng",Other,Enjoyment
đm xem mãi quay lưng đi chửa được bước lại dừng :)),Disgust,Sadness
bộ phim hấp_dẫn quá,Surprise,Enjoyment
nước_biển sao đục quá nhỉ,Other,Surprise
thế đéo nào nó lại kẻ dưới đấy nhỉ,Disgust,Other
nói không phải khoe chứ em đi xe_bò đi học,Enjoyment,Other
tao còn phải đợi 3 tháng nữa là đủ 1 gia_đình nhỏ rồi,Enjoyment,Sadness
ngoài_ra thì nó còn bị mang_tiếng là thả thính cả xã_hội nữa,Other,Disgust
nuôi kiểu đéo gì lại để nó như thế_này ? ? ?_thằg chủ có tâm_hồn thối rữa à ? ?,Anger,Disgust
đội cái mũ vào chết đéo ai . không có mũ xong đập đầu xuống đất chết không chết cho lại sống cuộc_đời nửa ngáo,Disgust,Anger
per một lần thôi không có lần thứ hai đâu 😊,Enjoyment,Other
per lý_do nhà tao dùng năng_lượng mặt_trời .. 😌,Other,Enjoyment
tha cho cô_chú đó đi,Disgust,Other
làm đéo gì có ai nói_chuyện thân_thiết với tao đâu mà,Sadness,Other
bạn khốn_nạn,Anger,Disgust
"mấy thằng dẫn gấu đi thì tránh xa đám đông ra nhé , đừng chen_đẩy kiểu bố_láo , thằng đẩy tao đã bị xơi cùi trỏ rồi đấy ,",Other,Anger
per mang võng ra không lại tủi không_thể ngồi,Other,Sadness
làm_việc vất_vả mới được miếng ăn mà chúng_nó khốn_nạn thật,Anger,Disgust
bọn bây giống tao không ? chứ ghét mấy đứa troll rớt điện_thoại vãi,Disgust,Anger
kaka cái mặt bà kìa,Enjoyment,Surprise
chỉ có màn_hình là xấu thui,Other,Disgust
dù ra sao vẫn giữ nụ cười và sự tự_tin,Enjoyment,Other
gớm . vi_khuẩn vi_rút vi_trùng_vi lung_tung beng nấp hết trong đó nhìn nổi da_gà .,Disgust,Fear
nghe tên vietcombank là bao_nhiêu quá_khứ bực_mình ùa về,Anger,Sadness
bó_tay . lại khiển_trách . rút kinh_nghiệm,Anger,Disgust
cay đắng ngọt bùi . nhưng cay_đắng thì thường nhiều hơn =)),Other,Sadness
"tao cũng vậy , mấy cái thiệp chúc_noel thời cấp 2 trẻ trâu của lũ bạn vẫn còn nguyên xi",Other,Sadness
"hai thằng đó sẽ .. nhau , cô về nhà nằm_mơ típ đi cô bé",Disgust,Other
có thì tốt nhất đừng có giận vì ngoài kia bất_cứ thằng nào cũng sẵn_sàng_dỗ dành bạn gái của bạn 😋,Fear,Other
"toan cao lại nữa , tao dg suy_nghĩ có nên đi bằng grap về không",Other,Fear
mày cứ đái ra võng là lần sau vợ mày sẽ rút kinh_nghiệm,Disgust,Other
"mấy con đĩ xạo lồn tao thấy mà tao tức_á , chia bè phái ra làm rầm_rầm_rộ rộ",Anger,Disgust
nghe tiếng ăn_tợp tợp ám_ảnh quá,Disgust,Fear
tao thề . nhìn bạn ấy xong tao muốn rụng mấy quả trứng luôn 😓,Fear,Enjoyment
"việc của ông vũ_giờ là mua nhiều thật nhiều cigar và lên chùa xây cái am_trung_nguyên thiền_định tiếp đi qua ơi , qua quậy quá rồi để cho vợ và 4 con tiếp_quản được rồi qua ơi .",Disgust,Other
"thôi xong , biết thế_tém tém lại .",Fear,Other
"hành nó đưa đèn ông sao lên nữa chứ , ác_vãi , ta nhớ lại còn cay ?",Anger,Disgust
"thì bác cứ tranh_luận đi , bác nói đúng thì mình cũng chả nói gì , còn mình thấy cái kiểu cậy nhà mặt_đường nhưng tư_tưởng nhắn_tin kia thì kiểu gì cũng có ngày sấp mặt .",Anger,Disgust
không biết có ai ở trong ngôi nhà không,Fear,Other
có hôm tao đang vương_nỏ tính bắn vào con họa_mi đang đậu trên cành thì ai_ngờ nó phản_đame đứt_thun dội ngược vào mặt từ đó tao không còn chơi nữa,Sadness,Fear
và đó đéo phải là tao =))),Sadness,Enjoyment
"giỏi quá ta , cố_gắng phát_huy nha",Surprise,Enjoyment
"cũng tùy , đôi_khi không cần vật_chất mà chỉ cần động_viên , san sẽ những khi con mình vấp_ngã hay khó_khăn trong cuộc_sống thì ...",Sadness,Other
crush đéo bị thịt nhé : d nó cũng ế_vãi vì tội chảnh chóa,Anger,Disgust
hôm_qua tao xem xong ngất_xỉu tới giờ mới tĩnh chúng_mày ạ 😌_😌 😌,Sadness,Enjoyment
per hèn gì thấy ngày nào anh cũng đi tập 😂_😂 😂,Other,Disgust
quả cr7 mà kill_đéo gì nhỉ,Disgust,Enjoyment
"ngày_xưa toàn ăn cơm với nước_mắt , ngày_trước giận_bố lắm , nhưng giờ mới cảm_ơn bố vì như_thế mới có mình ngày_nay",Enjoyment,Sadness
loài vật đang dần_dần có trí_khôn và hành_động như một con_người còn một_số người thì đang tiến hóa ngược : v,Disgust,Other
"kệ mẹ tao , tao thích nuôi chó thôi okeeee nó đéo bao_giờ kêu tao bướng",Anger,Enjoyment
thính hơn chó_động 1 tí là kêu inh_ỏi điếc cả tai . đuổi thì đuổi dai_😒,Anger,Disgust
xin chúa thương_xót chúng con,Other,Sadness
sau nay em cung_uoc duoc nhu vay ❤,Enjoyment,Sadness
đọc thôi cũng mệt,Disgust,Sadness
nó chỉ muốn chén mày thôi . thật đấy,Other,Anger
"đọc bình_luận không thấy ai khen cute dễ_thương đáng_yêu này nọ nữa nhỉ :))))) một ngày đẹp trời bạn ra ngõ đứng_hít không_khí , con mèo sẽ kệ mẹ bạn , con chó vẫn sẽ đi đái_bậy , nhưng con một lằn này thì đéo , nó phi con mẹ nó ra dí chạy như một con điên",Anger,Enjoyment
một đứa sợ sấm chớp không thích hình_ảnh này huhu,Fear,Sadness
chơi vậy ai chơi,Disgust,Other
ngày bé nấu hoài không chín . tức rủ mấy đứa ra đốt cả đống rơm nhà hàng_xóm,Enjoyment,Sadness
mơ chứ còn gì nữa 🙃,Other,Disgust
cũng chỉ vì việt_nam nuôi một lũ kỹ_sư . tiến_sĩ phá_hoại mới làm thiệt_hại kinh_tế nhiều vô_kể chúng_nó sài toàn bằng tại trức thì biết con mẹ gì mà đưa cây cao_su ra bắc trồng khác gì đưa cây dừa ở trong nam ra bắc trồng . một lũ bò,Anger,Disgust
"người đàn_ông ốm_đau nói với vợ mình : ” ở lại với anh ” rồi cầm tay bà . đó là tình_yêu , vỏn_vẹn 20 năm ngắn_ngủi . tình_yêu bố dành cho mẹ",Enjoyment,Sadness
"per lại nữa , tao dg suy_nghĩ có nên đi bằng rap về không",Sadness,Fear
per hình_như bài mày ngh hôm_nay . như cứt mai đừng mở nữa,Disgust,Other
cũng đỡ_tắc hơn 1 tí,Enjoyment,Other
hãy tôn_trọng quyền được mưu_cầu hạnh_phúc của mỗi cá_nhân con_người trên thế_giới này đi . đừng kì_thị họ ! tội_lỗi lắm 🙂,Other,Sadness
con nhà người ta kbh làm bố_mẹ mình thất_vọng 😪,Other,Enjoyment
đau ruột với thằng số 9 🤣_🤣 🤣,Enjoyment,Sadness
"thằng tàu hỏa lái_dở , thấy xe đậu thì đánh lái né ra đường_ray thi đâu có va_chạm hư ô_tô",Disgust,Other
không biết người của họ hay sao mà bắt heo 2 ngày trúng 2 cái ipx,Other,Enjoyment
cũng thơm mà . kì_thị quá à .,Enjoyment,Disgust
đm tao biết trước cả sự_việc kiểu lìn gì cũng có nhện nhảy lên màn_hình . vì mấy năm trước cũng có 1 thể_loại giống như_vậy . đm hú nhồn,Fear,Anger
"con sâu làm rầu nồi_canh , tuyệt_đối không có chuyện ....",Disgust,Other
cần lắm những sẻ_chia . cần lắm những thấu_hiểu,Sadness,Other
"quay quay cái lồn , thấy bị bắt_nạt thì_ra nói một câu bảo_vệ người ta , có_khi tối về lại có người nằm ôm . cứ cầm điện_thoại pin với chả không pin",Anger,Sadness
bà mẹ tháng cô_hồn nghèo rớt mồng_tơi mà cứ chiếu_phim tiền đâu mà coi trời oi là troi,Anger,Sadness
tuy chưa viết hết nhưng tao người khác sẽ hiểu là viết cái gì,Enjoyment,Other
"hồi lúc tao ăn lạp_xưởng mắc xương , nói mà cũng đéo ai tin . tao hiểu cảm_giác của mày lắm ?",Enjoyment,Sadness
"xem phim mà cứ nhìn cặp chân của ổng , chân gì mà dài thường thượt . chồi ôi 1 m87",Enjoyment,Disgust
tính ra con_bé đó chuyên_nghiệp ấy chứ,Enjoyment,Other
cho con được thay ông bán vé đi 😔,Sadness,Enjoyment
hình_như câu này quen quen_ý le tuyet nguyen nhỉ,Other,Surprise
dự là sắp có án_mạng xảy ra 😂,Other,Fear
bắt được rồi cho bọn này đi chết đi để chúng_nó sống rồi làm hại người khác,Disgust,Anger
sao nó tìm được nhỉ 🤔,Surprise,Other
trong 1 năm đó bố_mẹ ông cho ông 10 tỷ_đố là tiêu_vặt và 1 con lám_bồ để đi giao hàng,Other,Disgust
khi đang xây cầu mà bị rút bớt kinh_phí !,Other,Sadness
em nó phượt theo gái cả đêm,Other,Enjoyment
ừ thì là chuyện cổ_tích . cháu đang đi đường_thẳng gặp mấy chú thì phải rẽ ngang . 😢 😢,Sadness,Enjoyment
ai cũng vậy thôi con rắn mình đánh nó thì nó chạy chứ làm quá thì nó cũng quay đầu lại cắn . đó là quy_luật cuộc_sống . đừng thấy tao im mà làm tới,Disgust,Other
tao bướng nhưng mặt_đéo đến_nỗi như con_bé kia 🤣,Enjoyment,Disgust
có những người chỉ cảm_thấy mình tồn_tại khi được chửi_bới .,Other,Sadness
làm_sao tôi có_thể yêu được loài_người đây ? ? ?,Other,Sadness
":)))) cuộc_sống mà . ngày_càng thấy bản_thân quá nhạt và "" duyên "" : v",Sadness,Disgust
per mày mà bị như thế_này chắc mày phải nhảy ra ngoài vũ_trụ luôn nhỉ,Other,Fear
không hiểu sao nhìu người lại thả haha nhỉ ? ?,Surprise,Enjoyment
đánh cả bố lẫn mẹ nó cho nó chừa,Other,Anger
"vailon :)) học_sinh cơ , dume nó",Disgust,Anger
"khuôn_mặt ngây_thơ vô_số tội , trái_tim nhỏ_bé của tao sao chịu được ❤_❤ ❤",Enjoyment,Sadness
per biết không :))),Surprise,Enjoyment
nó hiền_thôi chứ nó hung lại đấm cho không trượt phát lào . 🤣,Other,Enjoyment
dạo này xem video của per chán ấy không như xưa tại giờ toàn quảng_cáo ấy ( ý_kiến cá_nhân ) 😔,Disgust,Sadness
yêu như trẻ_con tập yêu ây .. có cái chúc sinh_nhật mà nháo_nhào lên cãi nhau,Disgust,Enjoyment
ý là giọng quê tao đó hã,Enjoyment,Other
có cái ảnh tỉ năm trước cứ đăng_đăng con cặc . đéo thấy nhàm à . nghĩ thôi thấy bất_hạnh vãi .,Anger,Disgust
nhìn thương quá ... lao_động nghiêm_túc,Enjoyment,Sadness
bình_luận gì ông này diễn_trò ngày nào đi qua khoảng hơn bốn giờ chiều là gặp,Disgust,Other
"kỳ nghỉ_hè muộn của anh mà , xõa hết đi anh .",Enjoyment,Other
chuẩn luôn : 3 độc vô_tình bắt_gặp thôi_cơ mà giờ tao bị ăn_bơ rồi 😭,Sadness,Enjoyment
"diễn còn cứng quá à , kiểu biết rồi mà_còn giả_bộ bất_ngờ :))",Enjoyment,Surprise
tối nay chồng tương_lai sẽ đưa con khác đi chơi 😆_😆 😆,Sadness,Enjoyment
mày xinh_thế ? tao ốm_tí đã xấu hoắc,Sadness,Disgust
per ý_nghĩa giống phim không ? ? ?,Surprise,Other
chuột nhìn thấy said : bố lại sợ mày quá cơ_=))),Other,Fear
khi nào vụ này kết_thúc thì mình uống cf trung_nguyên trở_lại . sợ làm_giàu cho cô per lắm .,Disgust,Fear
thế hóa ra nguy_cơ trầm_cảm của tao cao lắm,Sadness,Fear
cho nghỉ viêc mói đúng sao goi là kỷ_luật,Surprise,Other
dm con già mà hành_xử trâu chó . đời nó sẽ gặp báo ứng,Anger,Disgust
"dume về bố lại táng cho bờm đầu , có_thể là lần cuối được đi xem đá bóng của cháu nó :))",Disgust,Fear
gặp tao thì tao khinh,Disgust,Anger
ủa rồi ra nắm xe_tải kéo ra như kéo xe đồ_chơi dị_ba,Other,Disgust
chuột mà làm như người vậy .. ít hôm nó gặm cả rắn cả dây thì thấy mẹ ..,Fear,Disgust
mấy cái video của bọn này đóng hay vãi,Surprise,Enjoyment
hóa chó nhiều quá thì cũng có lúc phải hóa thành người chứ =)))),Other,Enjoyment
per chiều anh bắn chưởng để em quay nhé,Other,Enjoyment
đốt cháy túi_tiền thì ở nhà cho_rồi . xem chi không biết,Anger,Other
😑 con trai chỉ thích gái lùn thôi . tao biết mà . nhưng cô gái cao như tao đi cạnh sẽ giống 2 thằng đàn_ông lắm,Disgust,Other
"như mình mà trèo lên là bị phóng_điện luôn bạn nhỉ , mình cũng không hiểu được sao bọn nó không bị",Surprise,Other
lỗi tại thằng quay_phim . cắt không đúng lúc,Disgust,Other
bác_sĩ mất dạy,Anger,Disgust
quan_trọng nhất vẫn là tấm lòng 🙂,Other,Enjoyment
một con cá_chép đang bơi trong hồ mà đã tính_chuyện đánh_bại những con rồng_vẫy vùng 5 châu !,Disgust,Enjoyment
đúng là tốt quá lai_thành lạm_dụng 😶,Sadness,Disgust
"ngày_xưa thầy dạy toán tao còn đấm_thụi thụi thằng ngỗ ngược trong lớp đấy thôi , cả lớp cười ầm . giờ_mạng xã_hội phát_triển , quan_trọng hóa vấn_đề , cái nhỏ đưa lên mạng là thành cái to",Disgust,Enjoyment
per mốt đừg có thiết_kế hay xây mấy cái kiểu như dị nhé hem > <,Other,Disgust
vừa đi về ? ? mưa sấp mặt,Disgust,Sadness
nói tới thì lại dỗi bỏ được mấy đồng ra rồi bày ra như chuồng lợn í_thức đéo khác gì con lợn .,Anger,Disgust
mày ăn_cứt hay sao ngu thế hả,Anger,Disgust
"cái khó_ló_cái_khôn , yên_tâm",Other,Enjoyment
nếu địa_phương không xây cầu thì người_dân cũng có_thể tự làm cầu cây mà . phóng lỡ_hụt chân thì xác_định nát người .,Fear,Other
bố_mẹ là những người yêu ta vô_điều_kiện ...,Other,Enjoyment
tại_sao mày nằm viện mà vẫn xinh_thế ? ?,Surprise,Enjoyment
công_tình_yêu làm_ăn kiểu lồn gì vậy .,Anger,Disgust
cố_gắng lên cụ nhé ! ! ❤,Other,Enjoyment
rồi các em cũng ăn_cứt thôi :)),Disgust,Enjoyment
trong phim này thấy cái thằng anh_hùng đạp xa đạp phế_vkl,Disgust,Enjoyment
đẹp không,Other,Enjoyment
hậu duệ mặt_trời đấy chứ đùa đâu nhá_😗 😗,Other,Enjoyment
"cây hoa sữa thì nói cây hoa sữa đi , tình_yêu tình_báo gì ra ngửi mùi chắc mất mẹ tình_yêu luôn",Disgust,Anger
tao thề từ giờ đến cuối năm mà tao không lấy được vợ thì tao quyết_định sag năm lấy 😊,Enjoyment,Sadness
"ôi những con_người dễ bị ám_ảnh với quá_khứ , ôm nhau cái nào",Enjoyment,Sadness
per nhìn nó gớm những vẫn khoái coi . thú_vui biến_thái dễ sợ,Enjoyment,Disgust
còn đồng_nghiệp hãm_lờ thì ...,Disgust,Other
dm . nó xấu cả tính lẫn nết_bố đẻ . nó còn không chịu . được thằng nào bốc nó đi cái,Disgust,Anger
"xã_hội thật phức_tợp , huhu . không muốn sống chung loài_người nữa , tao về núi đây",Fear,Sadness
thế nên bán hàng có tâm là đừng bao_giờ nài_nỉ khách mua thêm vì biết_đâu bạn vô_tình làm cho nỗi đau của họ trở_nên tồi_tệ hơn .,Sadness,Other
ghét vãi nồi,Anger,Disgust
per trình mày vẫn còn thấp_chán =)),Other,Disgust
bao năm giải_phóng như thế_này phải không anh,Other,Enjoyment
đi viện thôi mà có cần phải đẹp vậy không,Surprise,Other
"giơ cao đánh_khẽ , cảnh_cáo cho có lệ",Anger,Disgust
dume đáng yêu_vãi để tao vào chăm_mày,Other,Enjoyment
tao đang chờ xem bà ấy được nghe nhạc_ý mà hết video 🤣,Enjoyment,Sadness
chuyện buồn quá chúng_mày à . tao không dám đọc sợ làm quyết_tâm có người_yêu của tao lung_lay 🙄,Fear,Sadness
uầy . ngọt thế ? ? ? ? ? ?,Enjoyment,Surprise
1 bạt tai 2 đạp chứ ở đó bướng,Anger,Disgust
thực_ra chỉ cần nhập đúng input là được thôi mà : d,Enjoyment,Other
cái cuối phê_vãi,Enjoyment,Disgust
chính những người như_thế họ rất cẩn_trọng khi bật xi_nhan đấy,Fear,Other
mệt_vãi .. mà cừời cũng vãi ? ? ? ? ? ?,Enjoyment,Disgust
per nên mày hãy yên_tâm về mấy con nhện nhé :))),Enjoyment,Other
đây là hình_ảnh của boss trước khi có vợ và sau khi có vợ là một tr một vực,Other,Sadness
chắc mình là thánh_nguy_hiểm,Enjoyment,Fear
thế con lồn chủ_nhiệm kia đéo có trách_nhiệm gì nữa à : / giáo_viên mà sao nghĩ ngắn_thế ?,Anger,Disgust
coi mà hồi_hộp vãi 😂 😂_😂 ... nghỉ tới khúc nó nhảy trượt rớt xún chắc_bó chửi banh nóc ... v,Enjoyment,Fear
câu_chuyện mọc sừng được bắt_nguồn từ đó 😀,Enjoyment,Other
rồi mấy đứa chân không được dài như tao phóng qua kiểu gì :),Sadness,Other
quả dạ_vâng kia ngọt vãi ngọt . đéo bù khách của tao toàn được,Disgust,Enjoyment
vài chục năm trôi qua mà vẫn chưa đủ tiền mua cái xe_máy à,Surprise,Sadness
chắc chưa :))) si_nghĩ kĩ_lại đi,Other,Enjoyment
thế đéo nào ma không bị phóng_điện nhỉ,Surprise,Other
để 1 ngày là khó_chịu rồi,Anger,Disgust
hẹn gặp lại ngày vào một ngày không xa_chúc ngài thượng_lộ bình_an,Other,Enjoyment
chắc là uncrush thôi . bố_mẹ thì còng lưng ra làm cho con đi học .,Sadness,Other
đi làm quán nước mà mỗi cái bịch nay long đựng ống hút nó cũng xé nhỏ ra rồi để bay tứ_tung đi quét đã muốn lòi lồn,Sadness,Disgust
"đã gọi_là "" mật "" mà nó lại công_khai cho mày xem àk",Disgust,Surprise
"moá ơi , lợn mặt trăng_😂 😂 😂",Surprise,Disgust
năm sau nữa quyết_định nằm cho đỡ đau lưng 😁 😁,Other,Enjoyment
cảm_thấy sợ mấy thứ suy_nghĩ cổ_hủ của người_lớn : (,Sadness,Fear
per nhớ lần mua mộc ra bờ sông ghê . đã thế còn làm_li đặc_biệt . dm,Other,Fear
"đặt mình vào vị_trí của nhau , biết lo_lắng suy_nghĩ san_sẻ cho nhau vậy là đủ rồi . có quá khó không ?",Sadness,Enjoyment
quá đáng !,Anger,Enjoyment
ơ ̉_viê ̣ tao nam sao được như vâ ̣_y,Other,Sadness
"ko phải con mình , mà xem còn thấy đau như_vậy huống_gì người trong cuộc . thật là phẫn_nộ mà . cơ_quan_chức_năng làm_việc quá chậm_trễ , đến giờ mà vẫn chưa tìm ra người chịu trách_nhiệm . 😠 😠_😠 😠_😠 😠",Anger,Sadness
"tháng 10 đến rồi , nghe bài này quá chuẩn",Other,Enjoyment
đéo mẹ . nhìn nổi da_gà ..,Disgust,Anger
t coi đi coi lại mấy lần để xác_định con nhện nó phóng qua tới cái điện_thoại hay_là nghệ_thuật ) ) ) ),Other,Enjoyment
ôi đất_nước tôi ... hở ra là bàn_thờ bát nhang 😳_😳 😳,Disgust,Sadness
đục_khoét tuổi_thơ vãi ; ) ) ),Other,Disgust
"nhìn cảnh 2 bố_con hôn từ_biệt , em bé cũng rướn_mặt theo hôn_bố mà chảy nước_mắt , em bé như_thế chắc không biết diễn , đúng là cảnh đẹp quá",Sadness,Enjoyment
per khi ế nhưng vẫn phải giương_mắt nhìn bọn nó ân_ái,Sadness,Enjoyment
"thế đường không cấm đỗ , bạn lấy quyền gì không cho người ta đỗ vậy",Anger,Disgust
thanh_niên phượt rách_dép =))),Other,Enjoyment
tuổi_thơ với nó đấy,Other,Enjoyment
"per :))) tuy anh hay bắt_nạt , giấu đồ và ăn_bòn đồ_ăn của em nhưng nếu thiếu anh thì công_việc sẽ trở_nên căng_thẳng phết đó 😭",Sadness,Enjoyment
ko nên vì tất_cả do người_lớn sắp_đặt cả không nên cho lớp trẻ mất newnf móng,Other,Disgust
"nhìn là biết cái quả này fa lâu lắm rồi này , cũng may chưa đóng 🕸 🕸_🕸 😂",Disgust,Enjoyment
nốt hôm_nay thui . thui không ngĩ đến và bắt_đầu từ_bỏ 1 thói_quen,Sadness,Other
riêng đéo gì tối nay mà khóc với lóc,Anger,Sadness
bác không ở lại làm tô phở đã 🙃_🙃 🙃,Other,Enjoyment
muối nhà mày mua chỗ khác rồi hay s thiếu mặn z :)),Disgust,Other
do cái áo . mặc giống nhau làm đíuu gì,Anger,Other
nên cho người xử sai ngồi tù như người ta xem sao ....,Anger,Other
"mẹ kể hồi_nhỏ nuôi con ngỗng thay chó canh nhà . ăn_trộm mà vào thì chạy đằng_trời với nó , cả bầy lao ra quạt với táp , khi gia_đình vác gậy chạy ra thì thằng ăn_trộm nó ôm cây trên tít cành cao , áo_quần tóc_tai lủng máu_me tè_le . gia_đình phải cứu ăn_trộm má mấy mẻ còn không tha , 2 3 con vẫn dí_nhảy hàng_rào dí theo ăn_trộm . phải nói dí bao_dai mà cục súc vê_lờ .",Enjoyment,Disgust
"per đó là lý_do tại_sao em luôn nói với anh , có gì cũng phải nói ra",Fear,Other
uổng phí công_sức bao người !,Anger,Sadness
khi đời quá mệt_mỏi . đi tìm 1 chút drama,Other,Sadness
tao cũng hay sử_dụng chiêu này và bọn đàn_ông vẫn cứ bị lừa ? ? ? ?,Enjoyment,Other
khi nào có người mang trầu_cau sang hỏi cưới thì tao kết_hôn . hỏi thừa_thế 😒,Disgust,Enjoyment
rất biết cách ngồi đấy nhỉ ? ? ? ?,Other,Surprise
quán tao vỡ sụp xuống hơn mưa,Other,Sadness
con gái hay ảo_tưởng như_vậy lắm 😌,Sadness,Disgust
sao đúng bài mày kết vậy 🙁_🙁 🙁,Other,Enjoyment
per chị rep khách_hàng thế ấy hả 😞 bị bóc phốt rồi,Sadness,Surprise
"per tìm tao con nhện này , con này lãng_mạn coá",Other,Enjoyment
per đọc nhầm con nhện thành con gián_:)) thật khó hiểu,Other,Disgust
per biết phân_biệt phải trái không vậy ? ? ? và có biết đỗ như_thế_nào là đúng luật không ? ? ?,Anger,Other
cũng muốn có những hành_động đáng yêu nv,Other,Enjoyment
"phàm việc quan_trọng trong thiên_hạ , cứ về hỏi vợ , vợ nói sao cứ làm ngược_lại chắc chắc sẽ đúng !",Enjoyment,Other
"giờ mà quay lại cái thời đi học , tao thề không ngoan nữa mà sẽ bỏ học đi chơi vài bữa",Other,Sadness
bức ảnh này lại làm mình bị ám_ảnh . haz,Fear,Enjoyment
giỏi thiệt . nể . giọng ở tao khó z mà ông này nói được giỏi 😁,Surprise,Enjoyment
thế là hết những gì đẹp nhất của nước pháp_sao không phun nước cứ để cháy rần_rật nhỉ,Sadness,Surprise
quảng_cáo đéo gì tao thấy đáng sợ vãi .,Anger,Fear
tao thì nói xong lại thấy người ta không hứng_thú thì lại lượn,Sadness,Other
bá_đạo vậy chơi sao lại 🤣,Fear,Surprise
cô ấy còn không thèm coi tin nhắn của tao : ( (,Disgust,Sadness
"haha con hãm bán nước hoa_fake mà kêu real , bị tao vạch mặt rồi block tao",Other,Enjoyment
nhìn mặt ông thầy cay lắm :)),Enjoyment,Sadness
nhiều khi chỉ_ước gì mấy đứa bá_dơ này có_thể chết thay cho chị nữ_sinh giao gà thì hay biết_mấy ...,Other,Sadness
per không_lẽ sau_này kím bạn trai không tập gym 😖,Sadness,Other
per con_người dù có bị trừ hết điểm cũng chạ thèm quan_tâm ạ 🙂,Disgust,Other
per theo vợ nghĩ nếu là chồng thì chắc con đó dù là giả cũng sẽ lên nồi,Enjoyment,Other
"con_người hay con vật nó còn biết suy_nghĩ , đây là loại gì",Disgust,Other
ngon xuống đây nói_chuyện tử_tế với bố như 2 con chó xem,Anger,Disgust
đời tao ghét con súc_sinh này vãi .. nhiều khi tao tự_vấn tao làm gì sai mà mỗi lần tao đi qua nó là y_như_rằng tao phải chạy như chó chứ không_thể_nào hiên_ngang đi 1 cách như người bình_thường,Disgust,Anger
trong luâ ̣ tao co_́ khung hi_̀ nh pha ̣ tao bă ́ n không . ghê_tơ ̉_mày con qua ́ i na_̀ y_qua ́,Disgust,Sadness
người ta có bạn_bè nhìn vui thật,Sadness,Enjoyment
"cái công_ty thực_phẩm cung_cấp cho các trường mầm_non thật quá độc_ác . vì lợi_ích cá_nhân mà ảnh_hưởng khủng_khiếp tới các em . quá dã_man . các người gây nên họa thì mai này đời con đời cháu sẽ phải gánh_nghiệp đó thôi . gieo_nhân nào gặt quả ấy , đừng tưởng bây_giờ sống nhé_nhỉ thế_là không sao . đời còn dài lắm",Other,Disgust
per khi bạn đang feed_mạng nhưng chị bạn lại bật hongkong1 :))))))),Other,Enjoyment
khi nào phường có chế_độ phát chồng khi mang thân đến đăng_kí kết_hôn tự_nguyện 😊,Enjoyment,Other
làm như là người tối cổ mà không biết . này là bếp từ phiên_bản đầu_tiên chứ gì,Other,Disgust
"suốt ngày trật ray , còn hay không sự phù_hợp hệ_thống ray - tàu với hệ_thống đường_sắt vn",Fear,Other
"nếu chấp_hành nghiêm_chỉnh luật giao_thông ai phạt mình được nhỉ . cũng giống như đi học không thuộc bài giáo_viên cho 0 ₫ là phải rồi . tất_cả là do ý_thức con_người , đừng đỗ lỗi cho ai . 😑 😑",Disgust,Other
coi mần cái mặt kìa_trời 🤣,Other,Anger
thề địt mẹ ngay đoạn hay cái lên nhạc + cast muốn đập điện_thoại vãi :),Anger,Fear
"cái này mà đơn_giản ? chị à , là chị nghĩ đơn_giản thôi = ]_] ] ]",Disgust,Enjoyment
vì những thành_phần như bạn mà page cứ phải khóa bình_luận cho trong_sạch đấy . thật là giông_bão 😌,Disgust,Sadness
nhớ cái váy với bộ tóc chấm bi đen_trắng của anh huy ghê,Other,Enjoyment
thân gửi mấy má bán combo quà độn xốp với mấy cha có ý_định tặng 😂 😂,Disgust,Enjoyment
"có người cả đời ăn_không hết lại có người thiếu ăn , thiếu mặc nhìn chán_đời vãi",Sadness,Disgust
"phàm là việc đại_sự trong thiên_hạ , cứ về hỏi vợ . vợ bảo_sao thì làm ngược_lại . ắt thành_công ! ! !",Other,Enjoyment
nói gì thì tụi bây cũng không tin đâu .. 😌 😌,Sadness,Other
per khóc quá trời rủ họp lớp đéo thấy đâu,Disgust,Sadness
nghĩ cũng tội mà thôi cũng kệ,Other,Sadness
nhện thông_minh quá per,Enjoyment,Surprise
mình còn để ảnh bạn ấy trong thẻ học_sinh xong bị thấy cơ,Enjoyment,Other
ơ thế hóa ra tao không bị ngu một_mình ?,Sadness,Surprise
mẹ thằng này nói tiếng việt tốt thật lại còn nói được cả giọng phú_yên nữa chứ,Enjoyment,Surprise
đang thất_tình mà dume cứ bắt đi bán xoài @ @,Sadness,Disgust
xém lại lên báo vụ bác_sĩ bị người_nhà bệnh_nhân hành_hung cho đến chết 😌_😌 😌_😌 😌,Disgust,Fear
cái miệng nói_chuyện không có người phụ_nữ nào có trời_ơi thật là có duyên_khiếp quá đi thôi,Enjoyment,Disgust
mẹ tao vừa đọc xong còn tag tên tao vào . bọn mày có cách nào trưa nay không về nhà mà vẫn có tiền ăn cơm không_chỉ tao với,Fear,Anger
ngang trái quá ạ !,Disgust,Other
"lúc nhỏ nấu bằng này không , nấu hơi bị ngon , tạo cơm cháy ăn bao riềng",Enjoyment,Disgust
mặt ô kia khát nước nhìn buồn cườ_thế 😂 😂,Enjoyment,Sadness
hồi năm lớp 8 lớp tao bị quỳ trước sân trường đây nguyên lớp luôn,Other,Sadness
"em cũng đi lead này , nhưng đừng gọi em là ninja được không , xin luôn đấy",Sadness,Other
ôi tao đã tìm được người cùng hành_tinh ?,Surprise,Sadness
mày làm anh tao hơi lâu rồi đấy,Disgust,Other
nếu bạn kinh_doanh mà tôi đỗ xe trước cửa nhà bạn cả buổi thì đường của ai nhỉ,Disgust,Other
t gặp ngỗng chạy bỏ dép,Fear,Enjoyment
"bạn_bè nói_chuyện cũng chụp post facebook , vui không ?",Disgust,Enjoyment
cái nệm này độ đàn hồi đỉnh ghê,Surprise,Enjoyment
có gặp cũng đéo dám ngẩng đầu lên nhìn,Sadness,Fear
mát lồng lộng_mày ạ,Enjoyment,Other
gần thôi :)))_giờ nhìn lại đề_thi và không hiểu sao mình ra trường được :))),Enjoyment,Sadness
đm lúc tao học đến chương đó nguyên_tiết bà cô toàn chia_sẻ kinh_nghiệm chuyện tới tháng 🙂 đéo thú_vị được như_vầy : vv,Disgust,Enjoyment
list này không có liệt_kê công_việc của dân chứng_khoán sao ?,Surprise,Other
còn chặt cả cây ổi của hàng_xóm để lấy cái chạc làm súng đấy cứ,Enjoyment,Surprise
hình_như bồ_tao cũng tập gym 😶 😶,Other,Enjoyment
qua câu_chuyện vừa bịa ra tôi hi_vọng các bạn sẽ có cái nhìn thoáng hơn về csgt việt_nam 😂 😂,Enjoyment,Other
nghèo mà đi tập_huấn sang chảnh ? ?,Disgust,Surprise
sáng_kiến hay đỡ bao nhiều tiền để tiêu_hủy,Other,Enjoyment
tao cũng ho_trật mẹ khớp vai mà đéo phải 1 lần đầu nhé,Sadness,Fear
coi rồi vẫn muốn coi lại 😚 😘,Other,Enjoyment
bài này hay quá,Surprise,Enjoyment
per quả lừa con chó ngoài bờ_rào,Other,Disgust
ừ thế_là kể từ đấy về sau đứa con trai nào cũng trở_thành huynh_đệ với nó hết,Other,Enjoyment
vl gần nhà,Other,Enjoyment
ông này nội_công thâm_hậu nhảy lên gẫy cả cây thế_là té đít dầm xuống đất . tại hạ bái_phục,Surprise,Enjoyment
per mai_mốt không xem hết video đừng vô_phán,Disgust,Other
"tao có 4 cái ăn không tao share bớt cho , cạch mặt đứa bán hàng đi",Disgust,Anger
trả lại tuổi_thơ cho tao 😆,Other,Sadness
cứ tưởng tao đùa à . hmm,Disgust,Enjoyment
dm đang yên đang lành tự_dưng bị nhét cẩu lương 😡 😡,Anger,Fear
thương anh bạn kia quá .,Enjoyment,Sadness
câu_chuyện của em làm anh cảm_động quá …,Sadness,Enjoyment
per hôm_nay c cũng bị giống thằng này này,Other,Fear
cứu em nó với,Sadness,Other
không ai cho không ai cái gì . đừng nghĩ rằng cho đi sẽ nhận lại được điều tốt_đẹp,Disgust,Other
"t sẽ tự an_ủi tất_cả chỉ là diễn thôi , diễn thôi , đéo_thể tin được đâu 😏",Disgust,Other
má tự_dưng bị đánh vào đầu : (,Anger,Sadness
còn nhiều người khổ hơn mình :)),Other,Sadness
ngày nào cũng vậy . có bỏ lỡ ngày nào đâu mà 🤣 🤣,Other,Enjoyment
dùng cây sắt rùi làm lại đi . mình mún xem típ : 3,Enjoyment,Other
nghe bài này nhớ nyc vãi,Sadness,Enjoyment
chỉ cần nghĩ tới cảnh đó là máu kinh_sôi_trào như núi lửa 😂_😂 😂,Anger,Fear
vừa xung_điện tim xong ra ngoài bác_sĩ lắc_đầu =)) cả nhà tao đưa bác_sĩ vô nằm kế tao,Other,Enjoyment
lương cũng sắp về rồi 😉,Enjoyment,Sadness
liên_quan à . cr mày đéo_thương mày đâu . nó có crush mới rồi . 🙂,Sadness,Anger
cảnh này gặp cũng nhiều rồi . dọn thấy mẹ luôn mà vẫn không sạch được . tức ghê . ức_chế lắm . 1 lần thì không sao mà cả chục lần như_vậy,Anger,Sadness
nếu người ta sai thì gọi công_an xử_lý còn không thì bạn không có quyền nhé,Disgust,Other
đề_nghị admin xóa bài đi ạ . chứ bố_mẹ em sắp đi chợ về rồi ạ : ( ( (,Fear,Sadness
t phải tìm bạn trai là nhiếp_ảnh_gia mới được 😆,Enjoyment,Other
ngôn_tình đầy_rẫy là một cô gái sao em lại bỏ_qua bao_nhiêu mơ mộng,Enjoyment,Sadness
tao đây chứ còn ai,Other,Sadness
":)) đang ăn_mỳ , không có trứng nhạt lắm , có rụnng thì xin vài quả !",Enjoyment,Other
làm_sao mặc áo được ta 😂 😂,Surprise,Sadness
mấy_ai hiểu được ý_nghĩa mà cứ chửi như đúng rồi :)))),Anger,Disgust
không phải ai cũng vậy nên đừng thấy mập rồi tưởng mình hát hay 😌,Disgust,Other
ước gì tôi cũng được kiên_trì như anh ấy để dạy con gào mất_nết nhà tôi 😪,Sadness,Disgust
per dume_đái trong quần,Fear,Disgust
điềm báo gì đây,Fear,Other
"vẫn là thụ_động , làm_sao phải chặn_đứng hiện_tượng rải_đinh .",Other,Disgust
thế mà cô yến bị phạt có 5 triệu : v,Disgust,Enjoyment
😂 😂_😂 nhìn và đợi chúng_nó chia_tay,Other,Sadness
rất giỏi,Surprise,Enjoyment
thèm được bố chửi 1 lần 🤤 🤤,Enjoyment,Sadness
thằng này con nhà cán_bộ hay sao mà rớ con_nhỏ này mà vẫn chưa đi tù ? ? ? ?,Disgust,Surprise
anh tây nói tiếng việt giỏi thiệt .,Surprise,Enjoyment
tao nghi chị xác_chết với chị bác_sĩ pháp_y đó yêu nhau quá chúng_mày :)),Other,Enjoyment
ngày_xưa đi học_văn và toán chắc noa dưới trung_bình hết,Disgust,Other
per vẽ ổ_điện bá_vãi em ạ 😂,Surprise,Other
"t thề mỗi lần dọn phòng sn này thì banh kem , pháo kim_tuyến . đủ các thứ . khóc mà bụt nó đéo lên",Sadness,Fear
"rốt_cục sao chúng_nó mò về tận nhà bạn nhỉ , kinh_vãi",Disgust,Fear
bao năm ăn_học ở trg mà các vị làm vài vụ như_thế_nào 1 năm thì lại vui quá . vks ạ,Other,Enjoyment
chuẩn đét . t nghỉ công_ty cũ cũng vì đồng_nghiệp 😭_😭 😭,Sadness,Enjoyment
nửa_đêm rồi đứng hò_hét vậy_mà không bị chửi là sao ta,Disgust,Surprise
per móc lên tới não :)),Fear,Enjoyment
đụ thế kia thì có khác nào mua cái bánh mà bị đứa bán hàng nó tạt cho gáo nước_lạnh đâu 🙄,Disgust,Anger
phim ấn_độ duy_nhất tao xem mà không cảm_thấy vật_lý logic quá khó hiểu dù thật_ra trong phim này nhiều kiến_thức hại não thật ; ) ),Enjoyment,Disgust
họp lớp cấp 2 đi được 2 lần . cấp 3 năm trước năm nay thôi nhưng đéo 🙂,Disgust,Sadness
"tao thì trông nó truyền điện chết mẹ đi , loại này sống nguy_hiểm cho xã_hội",Disgust,Anger
không muốn yêu ai cả,Fear,Sadness
con ngu dù bố_mẹ có là người như_thế_nào đi_chăng_nữa thì cũng là người đẻ ra mày nuôi chúng_mày lớn_khôn_lớn lên không báo_hiếu được gì lại còn sủa bậy,Anger,Disgust
"đi hát văn_nghệ cho trường nguyên cấp 1 , kiếm được kha_khá . cấp 2 vỡ giọng , khỏi hát 🤣",Enjoyment,Sadness
"khi bạn cố_gắng kéo_lại với người ta và họ chụp màn_hình gửi cho mọi người , còn đem đi kể nữa chứ",Disgust,Other
dume đọc bình_luận bực_giùm chủ thớt :))),Anger,Enjoyment
chờ mãi đéo thấy làm gì chán,Anger,Sadness
k bă ̀ người 1 con cho ́ anh =))))),Disgust,Enjoyment
con đường này chắc dành cho mấy người như tôi,Enjoyment,Other
per ôi cái bếp một thời chinh_chiến,Enjoyment,Other
đôi mắt đằm_thắm vãi,Surprise,Enjoyment
móng của bố tao . hồi trước và bây_giờ đã cắt vì lý_do . sức khỏe .,Sadness,Other
sao mày không nghĩ_lại thêm 1 thừng bị noá_xẻ thịt 🤪_🤪 🤪,Other,Sadness
nấu có cháy mới ngon_:)) còn nước cơm_hòa với đường thì toẹt_vời,Enjoyment,Disgust
phí cái lol mày á,Anger,Disgust
đồng_nghiệp của tôi là ai 😑,Disgust,Other
"per nghe đồn mày yêu_mèo , mà sao mày không đáng yêu :))",Disgust,Enjoyment
không biết nói sao ... nghiện chuẩn mẹ rồi ... crush ợ . mà nó nhẫn_tâm lắm hồi trước còn hay call video . từ hôm tao cạo trọc y_như là mất_tích luôn . chắc phải để tóc mọc lại tao mới dám gọi . 🤭,Enjoyment,Sadness
a ấy nói đúng vầy vừa nta_dọn cũng khổ_nta chứ . phục_vụ xog lại phải dọn nữa,Other,Sadness
do chính_sách quản_lý yếu_kém mới ra vậy đó,Disgust,Other
"vãi cả phí , có ... 81 tỷ_hoy 😓",Sadness,Disgust
nhìn phiêu thật chắc nhẹ mất mấy cân một bên tai 😂_😂 😂,Other,Enjoyment
có tiền mua cả cây nhỉ,Surprise,Other
chưa chia_tay nữa mà_còn khó đây,Other,Sadness
mày là con_bé gái bố_mày là con lợn nhé . khi con nào còn mở mồm bảo chỉ theo bạn bỏ zai thì bị ăn_vả thế đấy =))),Disgust,Anger
ko 1 từ nào để diễn_tả bộ phim này ...,Enjoyment,Sadness
đkm lại diễn rồi pr cho game aumobile chứ gì tuổi lol qua mắt tao =)),Enjoyment,Disgust
những cử_chỉ đẹp làm từ_thiện cho người nghèo hay thiếu đến lấy thừa đi đến cho,Enjoyment,Other
trẻ_con bao_giờ ga lăng_sớm thế nhỉ ? ! hồi mình bằng bọn này đuổi đánh nhau hỡi chết :))))),Surprise,Disgust
ê tao đi nhật chưa được 1 năm mà xem video này làm tao_loạn ngôn_ngữ ghê . thỉnh_thoảng phải dừng video ngẫm câu nó nói_nghĩa gì,Fear,Disgust
per lần sau hãy hưởng_ứng câu_chuyện của tao như này này,Other,Enjoyment
"quán này chắc không đông , đang ăn mà thấy có mà ói",Disgust,Other
không biết mình có được may_mắn như cụ bà này không,Other,Sadness
tội còn nặng hơn cả khẩu_nghiệp nữa 😌_😌 😌,Disgust,Sadness
an_toàn cho mình chứ cho ai đâu mà cứ thích kiểu trốn_tránh ấy nhỉ ..,Other,Disgust
"cảm_ơn cha_mẹ đã cho mình hình_hài này , xin được khôn_ngoan để đừng làm đau người khác",Enjoyment,Sadness
"đập chết mẹ nó đi , nó làm người ta nhồi máu cơ tim có khác nào giết người gián_tiếp mà ở mỹ gọi_là giết người cấp_độ 2 đấy",Disgust,Anger
"khiếu_nại cái gì khi cả bọn nó bao_che cho nhau làm lớn thì sợ ảnh_hưởng tới_bộ giáo_dục cho lên chúng sẽ ? ,",Anger,Disgust
trẻ ăn cơm mốc thì thầy_cô mới có phơ ăn .,Disgust,Other
mèo nhà em thì cho tiền cũng không ra khỏi cửa,Other,Sadness
câu này thấy sai sai,Other,Disgust
"per trừ điểm , trừ điểm",Sadness,Anger
đổi cả cuộc_đời giống người tàn_tật để được cái video này .,Disgust,Enjoyment
chờ tý tao đi thay bỉm_xíu tao quay lại .,Fear,Other
đầu_óc đến giờ vẫn còn nặng và đang né_tránh mọi người .,Fear,Other
bắt được đứa nào rải đinh cho nó đi tù . coi_thường tính_mạng người khác,Disgust,Anger
đụ má nó quá đáng,Anger,Disgust
hồi lúc nhà tao nuôi mấy con ngỗng . mỗi lần đi ngang nó là nó đòi dí cắn mà trong khi tao là người cho nó ăn . thứ ngu như bò 😤 😤,Anger,Disgust
quen với quên rồi thì hết đau thôi mà,Sadness,Other
khi mày tắt điện_thoại một buổi sáng và tao nhảy_tưng tưng lên :),Other,Enjoyment
"mình sợ nhất đến bữa ăn mà bố mình vác cái thớt vào mâm cơm , bố mình biết mình sợ vậy nên mọi chiện giải_quyết sau khi ăn cơm xong ,",Sadness,Fear
ai cho xin bài nhạc helo đi :)),Other,Enjoyment
sẽ gây sự chú_ý . cố_tình xuất_hiện trước mặt nhưng giả_vờ như không quan_tâm 😚,Other,Disgust
đm mùi thế :))),Disgust,Surprise
anh có tin em giận lại anh không ?,Enjoyment,Other
các cô không chịu mở_lòng thì sao chúng_tôi lấy được ? ? ? ? ?_hả các cô gái,Disgust,Sadness
bị rồi nè :))) mua 6 ly_rớt hết 4 ly,Other,Sadness
bà mẹ nó giật_mình,Fear,Other
đoạn phim thôi mà ý_nghĩa thế,Surprise,Enjoyment
đã bị đuổi 1 lần . đéo lgi cũng bị dí,Anger,Fear
còn không ngồi xuống dọn phụ em nó mà ngồi bấm điện_thoại,Anger,Disgust
nó còn kể với bạn nó .. bạn nó cũng là bạn mình,Disgust,Enjoyment
lỗi là do phụ_huynh . nên đừng gây áp_lực cho mấy em trẻ,Disgust,Other
nhìn mẫu này lạ_mắt mà đẹp quá,Surprise,Enjoyment
gia_đình có nhưng tình_yêu không thì sao,Sadness,Other
"ra chỗ sóng không táp vào mà ghi , xem mà ức_chế vãi :))",Anger,Disgust
con gái hiện_giờ .. nấu kiểu này thì thôi xong ... cháy luôn cả nhà 😂,Other,Fear
dài quá vướn_víu,Other,Disgust
"băng băng cái lol , chưa đóng vào mặt nhau là may rồi",Anger,Disgust
sớm muộn_củng chết_đuối à ; ) ) ),Other,Sadness
lâu rất lâu mới gặp được lần rồi liết_mắt nhìn cái :)))) chưa thấy nó cười,Sadness,Enjoyment
"má , chơi dị_ai chơi lại , mấy ba",Disgust,Anger
không đấm vào mặt là may rồi :)),Disgust,Enjoyment
ổng đang chán ai tán yêuc luôn 😂_😂,Enjoyment,Sadness
đai giảm tốc_độ kiểu ấy mà gặp mấy bà đang đau_đẻ là xác_định đẻ trên xe hay ở nhà đi rồi hẳn đem lên bệnh_viện 😂_😂 😂,Disgust,Fear
cái thứ gì đâu không 😈,Disgust,Other
mấy vụ giết người chặt xác gần đây ở việt_nam toàn là người hiền_lành 🤔_🤔 🤔,Other,Enjoyment
"bạn_bè thì nó hỏi_han , hay nhắn_tin thôi .. hồi trước hay ảo_tưởng lắm , nhưng giờ lớn nên hết trẻ trâu rồi 🤣",Other,Enjoyment
"thời_buổi bây_chừ chuyện gì cũng có_thể xảy ra , vậy nên thôi_trất , đừng nên tin ai",Fear,Other
mày nghĩ mày cản được tao à ? :)),Other,Surprise
"đéo kiếm ra tiền , nấu có 3 bữa cơm với đưa_đón con đi học mà_còn không xong , chắc để mẹ già làm hộ hay để chồng nó đi kiếm tiền về rồi nó hầu cho",Disgust,Anger
thế mà cũng bắt được siêu_vãi,Surprise,Enjoyment
nên là có sắp chết tao cũng đéo kể cho ai nghe :))),Other,Enjoyment
"em cũng như con chó thôi , nếu anh đủ kiên_nhẫn thì mọi chuyện đã khác rồi 😪",Sadness,Other
mẹ còn không trị được thì ai trị 😌,Other,Sadness
thông_minh mấy yêu vào cũng ngu,Other,Disgust
tao đéo ngờ được đây là trường tao :)))),Surprise,Enjoyment
tao cũng có ghệ và tao cũng dị_ứng mấy trường_hợp mắc mệt giống vậy,Disgust,Other
per thuê kiểm_kê tài_sản do tòa_án làm_bạn ơi . 😂 cả 1 nùi người làm cật_lực đấy .,Other,Enjoyment
biết đâu mưa xuống ổng ấy lại hết ngáo ? ? ? ? ? ?,Other,Enjoyment
"chuẩn . tao mà chơi hoặc làm_việc cùng bọn con gái tính công_chúa một thời_gian thì tao ngày nào cũng sờ_troét , sau đó bị trầm_cảm .",Fear,Sadness
"nó dựng lên nó quay đấy , nghe giọng thằng quay như giọng 2 con bede hôm bữa đánh nhau ở quán nước",Disgust,Other
nó mà là đặc_vụ thật thì lại ngớ người 😂,Other,Surprise
nếu diễn_viên chính trẻ hơn đẹp hơn đang yêuc hơn thì mình sẽ xem haizz,Other,Enjoyment
per sự thích thể_hiện của các bạn mà bóng_đá per tốn một món tiền không nhỏ ! 😩_🙏 🤕,Sadness,Enjoyment
"per nếu có_khi nào thấy bản_thân vô_dụng hay_là thất_bại , thì hãy nhớ có những người chế_tạo ra mấy cái của nợ này . =))",Enjoyment,Sadness
bà này khác gì lũ đa_cấp đi lừa_đảo đâu sao không cho vô tù,Anger,Disgust
nghe nói dạo này bạn dưỡng da để kiếm người_yêu per,Enjoyment,Other
đọc có chỗ vô_lí vãi,Other,Disgust
đôi_khi đi tù chỉ để thỏa mãi thú_vui,Enjoyment,Disgust
tới luôn em ơi .,Other,Enjoyment
mạng lag chưa xem được nhưng vẫn vào bình_luận 😍 😍,Other,Enjoyment
thả mẹ tay ra : vậy đằng nào em kia cũng không sống nổi 😅,Other,Sadness
"súc_vật , đề_nghị xứ án_treo cho bác per à mà treo_cổ nhé :)",Disgust,Anger
trên quê tôi . trc nói trong vòng 6 đến 7 năm sẽ cho hưởng cổ_tức . vậy_mà đến giờ đã hơn 10 năm vẫn chưa được hưởng 1 xu nào . cao_su trồng thì chết lên chết xuống . giờ cũng chưa thấy cạo mủ . mất bao_nhiêu đất rừng của dân . hôm nào mời vtv24 làm 1 chuyến lên quê tôi . sẽ biết thế_nào ?,Anger,Sadness
"cổ_nhân có câu : thương cho roi , cho vọt - ghét cho ngọt cho bùi . muốn con trở_thành người tốt , nhưng gv nghiêm_khắc thì lại phản_đối . thật không_thể hiểu nổi .",Anger,Sadness
"chúng_mày nhìn , tao nuốt cũng không xuống nổi , ông địa",Fear,Anger
có loại này tồn_tại ở đây à,Disgust,Surprise
sao giống phim good doctor của hàn vậy ? ? cũng bệnh tự_kỉ và có khả_năng nhìn được 3 d !,Enjoyment,Surprise
nếu không gãy đó la 1 bài quyền đẹp rồi : ( (,Sadness,Enjoyment
mai anh gọi tôi dậy đi :)),Other,Enjoyment
"hỏi thì hỏi cho khôn , hỏi mà như_vả thẳng vào mặt người ta :))",Anger,Disgust
crush hôm_nay đeo khẩu trag không thấy nó cười mà nhìn mắt dể_thương vãi ra 😂,Enjoyment,Sadness
